{"playerTransform":{"instanceID":440502},"currentHealth":100.0,"maxHealth":100.0,"activeWeaponID":"02","bulletsLeft":27,"accumulatedBullets":60,"grenadeCount":5,"initialSpawnPoint":{"x":-592.0662231445313,"y":12.8100004196167,"z":4.210000038146973},"initialRotation":{"x":0.0,"y":-0.9882550835609436,"z":0.0,"w":0.1528133600950241}}