{"playerTransform":{"instanceID":171910},"currentHealth":100.0,"maxHealth":100.0,"activeWeaponID":"01","bulletsLeft":12,"accumulatedBullets":10,"grenadeCount":5,"initialSpawnPoint":{"x":-260.29998779296877,"y":10.390000343322754,"z":323.20001220703127},"initialRotation":{"x":0.0,"y":1.0,"z":0.0,"w":-4.371138828673793e-8}}